position,count,0,1
1,0,0,0
2,0,0,0
3,0,0,0
4,0,0,0
5,0,0,0
6,1,0,0
7,1,0,0
8,1,0,0
9,1,0,0
10,1,0,0
11,2,0,0
12,2,0,0
13,2,0,0
14,2,0,0
15,3,0,0
16,3,0,0
17,3,0,0
18,3,0,0
19,4,0,0
20,4,0,0
21,3,0,0
22,3,0,0
23,3,0,0
24,1,0,0
25,1,0,0
26,2,0,0
27,2,0,0
28,2,0,0
29,1,0,0
30,1,0,0
31,2,0,0
32,2,0,0
33,2,0,0
34,2,0,0
35,2,0,0
36,2,0,0
37,3,1,0
38,3,1,0
39,4,2,0
40,3,2,0
41,3,2,0
42,3,2,0
43,4,3,0
44,5,4,0
45,5,5,0
46,5,5,0
47,7,7,0
48,6,6,0
49,6,6,0
50,6,6,0
51,6,6,0
52,5,5,0
53,7,7,0
54,7,7,0
55,5,5,0
56,4,4,0
57,4,4,0
58,5,5,0
59,5,5,0
60,5,5,0
61,6,6,0
62,5,5,0
63,3,3,0
64,3,3,0
65,3,3,0
66,2,2,0
67,3,3,0
68,2,2,0
69,2,2,0
70,2,2,0
71,1,1,0
72,1,1,0
73,1,1,0
74,1,1,0
75,1,1,0
76,1,1,0
77,0,0,0
78,0,0,0
79,0,0,0
80,0,0,0
81,1,1,0
82,2,2,0
83,2,2,0
84,2,2,0
85,2,2,0
86,2,2,0
87,2,2,0
88,2,2,0
89,3,3,0
90,3,3,0
91,2,2,0
92,1,1,0
93,1,1,0
94,2,2,0
95,3,2,0
96,4,2,0
97,4,2,0
98,3,1,0
99,3,1,0
100,3,1,0
101,4,1,0
102,5,1,0
103,5,1,0
104,4,0,0
105,2,0,0
106,2,0,0
107,2,0,0
108,3,0,0
109,4,0,0
110,3,0,0
111,3,0,0
112,3,0,0
113,3,0,0
114,3,0,0
115,3,0,0
116,3,0,0
117,2,0,0
118,2,0,0
119,1,0,0
120,0,0,0
121,0,0,0
122,1,0,0
123,1,0,0
124,1,0,0
125,1,0,0
126,1,0,0
127,1,0,0
128,1,0,0
129,1,0,0
130,0,0,0
131,0,0,0
132,0,0,0
133,0,0,0
134,0,0,0
135,0,0,0
136,3,0,0
137,3,0,0
138,3,0,0
139,3,0,0
140,3,0,0
141,3,0,0
142,4,0,0
143,4,0,0
144,4,0,0
145,3,0,0
146,1,0,0
147,1,0,0
148,2,0,0
149,2,0,0
150,3,0,0
151,2,0,0
152,2,0,0
153,2,0,0
154,2,0,0
155,2,0,0
156,2,0,0
157,1,0,0
158,1,0,0
159,0,0,0
160,0,0,0
161,0,0,0
162,0,0,0
163,0,0,0
164,0,0,0
165,0,0,0
166,0,0,0
167,0,0,0
168,0,0,0
169,2,0,2
170,2,0,2
171,6,0,6
172,6,0,6
173,6,0,6
174,6,0,6
175,6,0,6
176,6,0,6
177,6,0,6
178,6,0,6
179,4,0,4
180,2,0,2
181,0,0,0
182,0,0,0
183,1,0,0
184,1,0,0
185,1,0,0
186,1,0,0
187,2,0,0
188,2,0,0
189,2,0,0
190,3,0,0
191,3,0,0
192,3,0,0
193,3,0,0
194,3,0,0
195,3,0,0
196,3,0,0
197,1,0,0
198,2,0,0
199,1,0,0
200,1,0,0
201,1,0,0
202,1,0,0
203,1,0,0
204,1,0,0
205,1,0,0
206,1,0,0
207,0,0,0
208,0,0,0
209,0,0,0
210,0,0,0
211,0,0,0
212,0,0,0
213,0,0,0
214,0,0,0
215,0,0,0
216,0,0,0
217,0,0,0
218,0,0,0
219,0,0,0
220,0,0,0
221,0,0,0
222,0,0,0
